{"cameraMode":{"drawMode":0,"name":"Shaded","section":"Shading Mode"},"sceneLighting":false,"audioPlay":false,"sceneViewState":{"m_AlwaysRefresh":false,"showFog":true,"showSkybox":false,"showFlares":true,"showImageEffects":true,"showParticleSystems":true,"showVisualEffectGraphs":true,"m_FxEnabled":true},"in2DMode":false,"pivot":{"x":-0.2921822667121887,"y":0.8385955095291138,"z":-0.03714418411254883},"rotation":{"x":-0.0036039119586348535,"y":0.9960484504699707,"z":-0.0481560118496418,"w":-0.07454247027635575},"size":0.7289528250694275,"orthographic":false}