{"cameraMode":{"drawMode":0,"name":"Shaded","section":"Shading Mode"},"sceneLighting":true,"audioPlay":false,"sceneViewState":{"m_AlwaysRefresh":false,"showFog":true,"showSkybox":true,"showFlares":true,"showImageEffects":true,"showParticleSystems":true,"showVisualEffectGraphs":true,"m_FxEnabled":true},"in2DMode":false,"pivot":{"x":4.237677574157715,"y":2.122436046600342,"z":-3.4516382217407228},"rotation":{"x":0.0061023482121527199,"y":0.9903715252876282,"z":-0.13029401004314423,"w":0.04638423025608063},"size":3.594015121459961,"orthographic":false}