{"cameraMode":{"drawMode":0,"name":"Shaded","section":"Shading Mode"},"sceneLighting":true,"audioPlay":false,"sceneViewState":{"m_AlwaysRefresh":false,"showFog":true,"showSkybox":true,"showFlares":true,"showImageEffects":true,"showParticleSystems":true,"showVisualEffectGraphs":true,"m_FxEnabled":true},"in2DMode":false,"pivot":{"x":4.241684436798096,"y":2.6320271492004396,"z":-0.06583013385534287},"rotation":{"x":-0.0014319748152047396,"y":0.9863384962081909,"z":-0.16455301642417909,"w":-0.00858082715421915},"size":3.321945905685425,"orthographic":false}