{"cameraMode":{"drawMode":0,"name":"Shaded","section":"Shading Mode"},"sceneLighting":true,"audioPlay":false,"sceneViewState":{"m_AlwaysRefresh":false,"showFog":true,"showSkybox":true,"showFlares":true,"showImageEffects":true,"showParticleSystems":true,"showVisualEffectGraphs":true,"m_FxEnabled":true},"in2DMode":false,"pivot":{"x":5.843746185302734,"y":1.7872464656829835,"z":-5.694657325744629},"rotation":{"x":0.006771882064640522,"y":0.7470068335533142,"z":0.007614537142217159,"w":-0.6647527813911438},"size":3.024160861968994,"orthographic":false}