{"cameraMode":{"drawMode":0,"name":"Shaded","section":"Shading Mode"},"sceneLighting":false,"audioPlay":false,"sceneViewState":{"m_AlwaysRefresh":false,"showFog":true,"showSkybox":false,"showFlares":true,"showImageEffects":true,"showParticleSystems":true,"showVisualEffectGraphs":true,"m_FxEnabled":true},"in2DMode":false,"pivot":{"x":0.3446160554885864,"y":1.120740532875061,"z":-0.09762948751449585},"rotation":{"x":-0.056170929223299029,"y":0.894814670085907,"z":-0.11772237718105316,"w":-0.4269583523273468},"size":0.4987454414367676,"orthographic":false}