{"cameraMode":{"drawMode":0,"name":"Shaded","section":"Shading Mode"},"sceneLighting":false,"audioPlay":false,"sceneViewState":{"m_AlwaysRefresh":false,"showFog":true,"showSkybox":false,"showFlares":true,"showImageEffects":true,"showParticleSystems":true,"showVisualEffectGraphs":true,"m_FxEnabled":true},"in2DMode":false,"pivot":{"x":-0.9202771186828613,"y":-1.1999998092651368,"z":20.399999618530275},"rotation":{"x":0.022144507616758348,"y":0.17662633955478669,"z":-0.0039742486551404,"w":0.9840267896652222},"size":12.255742073059082,"orthographic":true}