{"cameraMode":{"drawMode":0,"name":"Shaded","section":"Shading Mode"},"sceneLighting":false,"audioPlay":false,"sceneViewState":{"m_AlwaysRefresh":false,"showFog":true,"showSkybox":false,"showFlares":true,"showImageEffects":true,"showParticleSystems":true,"showVisualEffectGraphs":true,"m_FxEnabled":true},"in2DMode":false,"pivot":{"x":-0.9202771186828613,"y":-1.1999998092651368,"z":20.399999618530275},"rotation":{"x":0.002952715614810586,"y":-0.17696188390254975,"z":0.0005310233682394028,"w":0.9842201471328735},"size":12.255742073059082,"orthographic":true}