{"cameraMode":{"drawMode":0,"name":"Shaded","section":"Shading Mode"},"sceneLighting":false,"audioPlay":false,"sceneViewState":{"m_AlwaysRefresh":false,"showFog":true,"showSkybox":false,"showFlares":true,"showImageEffects":true,"showParticleSystems":true,"showVisualEffectGraphs":true,"m_FxEnabled":true},"in2DMode":false,"pivot":{"x":0.3816421926021576,"y":-0.6144391298294067,"z":-3.077583074569702},"rotation":{"x":0.0061023482121527199,"y":0.9903715252876282,"z":-0.13029401004314423,"w":0.04638423025608063},"size":2.9570541381835939,"orthographic":false}