{"cameraMode":{"drawMode":0,"name":"Shaded","section":"Shading Mode"},"sceneLighting":true,"audioPlay":false,"sceneViewState":{"m_AlwaysRefresh":false,"showFog":true,"showSkybox":true,"showFlares":true,"showImageEffects":true,"showParticleSystems":true,"showVisualEffectGraphs":true,"m_FxEnabled":true},"in2DMode":false,"pivot":{"x":-23.73647689819336,"y":-25.284900665283204,"z":-15.713268280029297},"rotation":{"x":-0.08014971762895584,"y":-0.9185148477554321,"z":0.24681495130062104,"w":-0.29839181900024416},"size":49.638511657714847,"orthographic":false}