{"cameraMode":{"drawMode":0,"name":"Shaded","section":"Shading Mode"},"sceneLighting":true,"audioPlay":false,"sceneViewState":{"m_AlwaysRefresh":false,"showFog":true,"showSkybox":true,"showFlares":true,"showImageEffects":true,"showParticleSystems":true,"showVisualEffectGraphs":true,"m_FxEnabled":true},"in2DMode":false,"pivot":{"x":-1.9309535026550294,"y":0.9422913193702698,"z":3.7309861183166506},"rotation":{"x":-0.004492240957915783,"y":-0.06503918021917343,"z":-0.00026442945818416774,"w":0.9978970885276794},"size":2.7159712314605715,"orthographic":true}