{"cameraMode":{"drawMode":0,"name":"Shaded","section":"Shading Mode"},"sceneLighting":true,"audioPlay":false,"sceneViewState":{"m_AlwaysRefresh":false,"showFog":true,"showSkybox":true,"showFlares":true,"showImageEffects":true,"showParticleSystems":true,"showVisualEffectGraphs":true,"m_FxEnabled":true},"in2DMode":false,"pivot":{"x":2.3826446533203127,"y":-3.0929791927337648,"z":9.28050422668457},"rotation":{"x":-0.009874595329165459,"y":-0.3393147885799408,"z":0.003569953376427293,"w":-0.9406307339668274},"size":16.930070877075197,"orthographic":false}